sentiment,text,user
"neutral","RT @News18UP: ‡§á‡§ü‡§≤‡•Ä ‡§∏‡•á ‡§Ü‡§à‡§Ç ‡§Ü‡§á‡§∞‡§ø‡§® ‡§∞‡•ã‡§§‡•ã‡§Ç‡§¶‡•ã ‡§≠‡§æ‡§∞‡§§ ‡§Æ‡•á‡§Ç ‡§π‡•Å‡§è ‡§≤‡•â‡§ï‡§°‡§æ‡§â‡§® ‡§Æ‡•á‡§Ç ‡§´‡§Ç‡§∏ ‡§ó‡§à ‡§π‡•à‡§Ç, ‡§Ø‡§π‡§æ‡§Ç ‡§ñ‡•Å‡§¶ ‡§ï‡•ã ‡§ï‡§æ‡§´‡•Ä ‡§∏‡•Å‡§∞‡§ï‡•ç‡§∑‡§ø‡§§ ‡§¨‡§§‡§æ ‡§∞‡§π‡•Ä ‡§π‡•à‡§Ç. https://t.co/o4uDMBvkrR","narayan200"
"positive","Governments are wasting all their money and efforts, to implement lockdown in India to overcome Covid-19, the smart‚Ä¶ https://t.co/1iYwP8nZ49","im_gnana_"
"positive","One death and 88 new COVID-19 cases were recorded in the last 24 hours in the #MaharashtraPolice force, taking the‚Ä¶ https://t.co/tNHSru1fMo","firstpost"
"neutral","Lockdown in Pakistan\nNo lockdown in India\nYet the growth of coronavirus has been the same in both countries.\n\nIt's‚Ä¶ https://t.co/6fqsMpK7fV","AsjadSohail"
"neutral","Thanking and honouring #CoronaWarriors in #Bengaluru for their selfless deed during #coronavirus crisis \n\n#COVID19 \n\nhttps://t.co/DWbX4xJvTi","MyNation"
"positive","Chennai intense lockdown started from 19.06.2020.Two days over. Today is Sollar eclipse. This would have produced v‚Ä¶ https://t.co/YUhXn1gYUe","shanmugamrajath"
"neutral","RT @News18UP: ‡§á‡§ü‡§≤‡•Ä ‡§∏‡•á ‡§Ü‡§à‡§Ç ‡§Ü‡§á‡§∞‡§ø‡§® ‡§∞‡•ã‡§§‡•ã‡§Ç‡§¶‡•ã ‡§≠‡§æ‡§∞‡§§ ‡§Æ‡•á‡§Ç ‡§π‡•Å‡§è ‡§≤‡•â‡§ï‡§°‡§æ‡§â‡§® ‡§Æ‡•á‡§Ç ‡§´‡§Ç‡§∏ ‡§ó‡§à ‡§π‡•à‡§Ç, ‡§Ø‡§π‡§æ‡§Ç ‡§ñ‡•Å‡§¶ ‡§ï‡•ã ‡§ï‡§æ‡§´‡•Ä ‡§∏‡•Å‡§∞‡§ï‡•ç‡§∑‡§ø‡§§ ‡§¨‡§§‡§æ ‡§∞‡§π‡•Ä ‡§π‡•à‡§Ç. https://t.co/o4uDMBvkrR","AnujPrakashd"
"neutral","RT @amee2341: @nimmasuresh Sir I request you to don't play with children's and with their parents  who knows what happens with covid 19  co‚Ä¶","amee2341"
"neutral","@nimmasuresh Sir I request you to don't play with children's and with their parents  who knows what happens with co‚Ä¶ https://t.co/j0RL8YaW1Q","amee2341"
"neutral","RT @News18UP: ‡§á‡§ü‡§≤‡•Ä ‡§∏‡•á ‡§Ü‡§à‡§Ç ‡§Ü‡§á‡§∞‡§ø‡§® ‡§∞‡•ã‡§§‡•ã‡§Ç‡§¶‡•ã ‡§≠‡§æ‡§∞‡§§ ‡§Æ‡•á‡§Ç ‡§π‡•Å‡§è ‡§≤‡•â‡§ï‡§°‡§æ‡§â‡§® ‡§Æ‡•á‡§Ç ‡§´‡§Ç‡§∏ ‡§ó‡§à ‡§π‡•à‡§Ç, ‡§Ø‡§π‡§æ‡§Ç ‡§ñ‡•Å‡§¶ ‡§ï‡•ã ‡§ï‡§æ‡§´‡•Ä ‡§∏‡•Å‡§∞‡§ï‡•ç‡§∑‡§ø‡§§ ‡§¨‡§§‡§æ ‡§∞‡§π‡•Ä ‡§π‡•à‡§Ç. https://t.co/o4uDMBvkrR","pollackashok"
"neutral","RT @News18UP: ‡§á‡§ü‡§≤‡•Ä ‡§∏‡•á ‡§Ü‡§à‡§Ç ‡§Ü‡§á‡§∞‡§ø‡§® ‡§∞‡•ã‡§§‡•ã‡§Ç‡§¶‡•ã ‡§≠‡§æ‡§∞‡§§ ‡§Æ‡•á‡§Ç ‡§π‡•Å‡§è ‡§≤‡•â‡§ï‡§°‡§æ‡§â‡§® ‡§Æ‡•á‡§Ç ‡§´‡§Ç‡§∏ ‡§ó‡§à ‡§π‡•à‡§Ç, ‡§Ø‡§π‡§æ‡§Ç ‡§ñ‡•Å‡§¶ ‡§ï‡•ã ‡§ï‡§æ‡§´‡•Ä ‡§∏‡•Å‡§∞‡§ï‡•ç‡§∑‡§ø‡§§ ‡§¨‡§§‡§æ ‡§∞‡§π‡•Ä ‡§π‡•à‡§Ç. https://t.co/o4uDMBvkrR","AlokKum97786260"
"neutral","RT @News18UP: ‡§á‡§ü‡§≤‡•Ä ‡§∏‡•á ‡§Ü‡§à‡§Ç ‡§Ü‡§á‡§∞‡§ø‡§® ‡§∞‡•ã‡§§‡•ã‡§Ç‡§¶‡•ã ‡§≠‡§æ‡§∞‡§§ ‡§Æ‡•á‡§Ç ‡§π‡•Å‡§è ‡§≤‡•â‡§ï‡§°‡§æ‡§â‡§® ‡§Æ‡•á‡§Ç ‡§´‡§Ç‡§∏ ‡§ó‡§à ‡§π‡•à‡§Ç, ‡§Ø‡§π‡§æ‡§Ç ‡§ñ‡•Å‡§¶ ‡§ï‡•ã ‡§ï‡§æ‡§´‡•Ä ‡§∏‡•Å‡§∞‡§ï‡•ç‡§∑‡§ø‡§§ ‡§¨‡§§‡§æ ‡§∞‡§π‡•Ä ‡§π‡•à‡§Ç. https://t.co/o4uDMBvkrR","ShakyaApoorva"
"positive","True across India, people religiously and stringently follow the half day Eclipse lockdown far more than the Corona‚Ä¶ https://t.co/XmJQcUBggC","_sethia"
"neutral","RT @News18UP: ‡§á‡§ü‡§≤‡•Ä ‡§∏‡•á ‡§Ü‡§à‡§Ç ‡§Ü‡§á‡§∞‡§ø‡§® ‡§∞‡•ã‡§§‡•ã‡§Ç‡§¶‡•ã ‡§≠‡§æ‡§∞‡§§ ‡§Æ‡•á‡§Ç ‡§π‡•Å‡§è ‡§≤‡•â‡§ï‡§°‡§æ‡§â‡§® ‡§Æ‡•á‡§Ç ‡§´‡§Ç‡§∏ ‡§ó‡§à ‡§π‡•à‡§Ç, ‡§Ø‡§π‡§æ‡§Ç ‡§ñ‡•Å‡§¶ ‡§ï‡•ã ‡§ï‡§æ‡§´‡•Ä ‡§∏‡•Å‡§∞‡§ï‡•ç‡§∑‡§ø‡§§ ‡§¨‡§§‡§æ ‡§∞‡§π‡•Ä ‡§π‡•à‡§Ç. https://t.co/o4uDMBvkrR","Sarnam2014"
"neutral","RT @News18UP: ‡§á‡§ü‡§≤‡•Ä ‡§∏‡•á ‡§Ü‡§à‡§Ç ‡§Ü‡§á‡§∞‡§ø‡§® ‡§∞‡•ã‡§§‡•ã‡§Ç‡§¶‡•ã ‡§≠‡§æ‡§∞‡§§ ‡§Æ‡•á‡§Ç ‡§π‡•Å‡§è ‡§≤‡•â‡§ï‡§°‡§æ‡§â‡§® ‡§Æ‡•á‡§Ç ‡§´‡§Ç‡§∏ ‡§ó‡§à ‡§π‡•à‡§Ç, ‡§Ø‡§π‡§æ‡§Ç ‡§ñ‡•Å‡§¶ ‡§ï‡•ã ‡§ï‡§æ‡§´‡•Ä ‡§∏‡•Å‡§∞‡§ï‡•ç‡§∑‡§ø‡§§ ‡§¨‡§§‡§æ ‡§∞‡§π‡•Ä ‡§π‡•à‡§Ç. https://t.co/o4uDMBvkrR","Prabhakar_UP78"
"neutral","@PuneCityPolice @CPPuneCity @CMOMaharashtra @AnilDeshmukhNCP @PuneCityTraffic @collectorpune1 @DGPMaharashtra‚Ä¶ https://t.co/IrAjnP3PH9","despearado"
"neutral","RT @News18UP: ‡§á‡§ü‡§≤‡•Ä ‡§∏‡•á ‡§Ü‡§à‡§Ç ‡§Ü‡§á‡§∞‡§ø‡§® ‡§∞‡•ã‡§§‡•ã‡§Ç‡§¶‡•ã ‡§≠‡§æ‡§∞‡§§ ‡§Æ‡•á‡§Ç ‡§π‡•Å‡§è ‡§≤‡•â‡§ï‡§°‡§æ‡§â‡§® ‡§Æ‡•á‡§Ç ‡§´‡§Ç‡§∏ ‡§ó‡§à ‡§π‡•à‡§Ç, ‡§Ø‡§π‡§æ‡§Ç ‡§ñ‡•Å‡§¶ ‡§ï‡•ã ‡§ï‡§æ‡§´‡•Ä ‡§∏‡•Å‡§∞‡§ï‡•ç‡§∑‡§ø‡§§ ‡§¨‡§§‡§æ ‡§∞‡§π‡•Ä ‡§π‡•à‡§Ç. https://t.co/o4uDMBvkrR","rahulkumar5392"
"neutral","RT @News18UP: ‡§á‡§ü‡§≤‡•Ä ‡§∏‡•á ‡§Ü‡§à‡§Ç ‡§Ü‡§á‡§∞‡§ø‡§® ‡§∞‡•ã‡§§‡•ã‡§Ç‡§¶‡•ã ‡§≠‡§æ‡§∞‡§§ ‡§Æ‡•á‡§Ç ‡§π‡•Å‡§è ‡§≤‡•â‡§ï‡§°‡§æ‡§â‡§® ‡§Æ‡•á‡§Ç ‡§´‡§Ç‡§∏ ‡§ó‡§à ‡§π‡•à‡§Ç, ‡§Ø‡§π‡§æ‡§Ç ‡§ñ‡•Å‡§¶ ‡§ï‡•ã ‡§ï‡§æ‡§´‡•Ä ‡§∏‡•Å‡§∞‡§ï‡•ç‡§∑‡§ø‡§§ ‡§¨‡§§‡§æ ‡§∞‡§π‡•Ä ‡§π‡•à‡§Ç. https://t.co/o4uDMBvkrR","DigaKundan"
"neutral","RT @News18UP: ‡§á‡§ü‡§≤‡•Ä ‡§∏‡•á ‡§Ü‡§à‡§Ç ‡§Ü‡§á‡§∞‡§ø‡§® ‡§∞‡•ã‡§§‡•ã‡§Ç‡§¶‡•ã ‡§≠‡§æ‡§∞‡§§ ‡§Æ‡•á‡§Ç ‡§π‡•Å‡§è ‡§≤‡•â‡§ï‡§°‡§æ‡§â‡§® ‡§Æ‡•á‡§Ç ‡§´‡§Ç‡§∏ ‡§ó‡§à ‡§π‡•à‡§Ç, ‡§Ø‡§π‡§æ‡§Ç ‡§ñ‡•Å‡§¶ ‡§ï‡•ã ‡§ï‡§æ‡§´‡•Ä ‡§∏‡•Å‡§∞‡§ï‡•ç‡§∑‡§ø‡§§ ‡§¨‡§§‡§æ ‡§∞‡§π‡•Ä ‡§π‡•à‡§Ç. https://t.co/o4uDMBvkrR","AnandKu85665293"
"neutral","RT @News18UP: ‡§á‡§ü‡§≤‡•Ä ‡§∏‡•á ‡§Ü‡§à‡§Ç ‡§Ü‡§á‡§∞‡§ø‡§® ‡§∞‡•ã‡§§‡•ã‡§Ç‡§¶‡•ã ‡§≠‡§æ‡§∞‡§§ ‡§Æ‡•á‡§Ç ‡§π‡•Å‡§è ‡§≤‡•â‡§ï‡§°‡§æ‡§â‡§® ‡§Æ‡•á‡§Ç ‡§´‡§Ç‡§∏ ‡§ó‡§à ‡§π‡•à‡§Ç, ‡§Ø‡§π‡§æ‡§Ç ‡§ñ‡•Å‡§¶ ‡§ï‡•ã ‡§ï‡§æ‡§´‡•Ä ‡§∏‡•Å‡§∞‡§ï‡•ç‡§∑‡§ø‡§§ ‡§¨‡§§‡§æ ‡§∞‡§π‡•Ä ‡§π‡•à‡§Ç. https://t.co/o4uDMBvkrR","Jagdees67898331"
"positive","RT @firstpost: #India reports 15,413 new cases and 306 deaths in 24 hours. This is the highest single-day rise in infections so far. The co‚Ä¶","meakashnigam"
"neutral","RT @News18UP: ‡§á‡§ü‡§≤‡•Ä ‡§∏‡•á ‡§Ü‡§à‡§Ç ‡§Ü‡§á‡§∞‡§ø‡§® ‡§∞‡•ã‡§§‡•ã‡§Ç‡§¶‡•ã ‡§≠‡§æ‡§∞‡§§ ‡§Æ‡•á‡§Ç ‡§π‡•Å‡§è ‡§≤‡•â‡§ï‡§°‡§æ‡§â‡§® ‡§Æ‡•á‡§Ç ‡§´‡§Ç‡§∏ ‡§ó‡§à ‡§π‡•à‡§Ç, ‡§Ø‡§π‡§æ‡§Ç ‡§ñ‡•Å‡§¶ ‡§ï‡•ã ‡§ï‡§æ‡§´‡•Ä ‡§∏‡•Å‡§∞‡§ï‡•ç‡§∑‡§ø‡§§ ‡§¨‡§§‡§æ ‡§∞‡§π‡•Ä ‡§π‡•à‡§Ç. https://t.co/o4uDMBvkrR","NeelamG03658531"
"neutral","RT @News18UP: ‡§á‡§ü‡§≤‡•Ä ‡§∏‡•á ‡§Ü‡§à‡§Ç ‡§Ü‡§á‡§∞‡§ø‡§® ‡§∞‡•ã‡§§‡•ã‡§Ç‡§¶‡•ã ‡§≠‡§æ‡§∞‡§§ ‡§Æ‡•á‡§Ç ‡§π‡•Å‡§è ‡§≤‡•â‡§ï‡§°‡§æ‡§â‡§® ‡§Æ‡•á‡§Ç ‡§´‡§Ç‡§∏ ‡§ó‡§à ‡§π‡•à‡§Ç, ‡§Ø‡§π‡§æ‡§Ç ‡§ñ‡•Å‡§¶ ‡§ï‡•ã ‡§ï‡§æ‡§´‡•Ä ‡§∏‡•Å‡§∞‡§ï‡•ç‡§∑‡§ø‡§§ ‡§¨‡§§‡§æ ‡§∞‡§π‡•Ä ‡§π‡•à‡§Ç. https://t.co/o4uDMBvkrR","SushilVerma_IND"
"neutral","RT @News18UP: ‡§á‡§ü‡§≤‡•Ä ‡§∏‡•á ‡§Ü‡§à‡§Ç ‡§Ü‡§á‡§∞‡§ø‡§® ‡§∞‡•ã‡§§‡•ã‡§Ç‡§¶‡•ã ‡§≠‡§æ‡§∞‡§§ ‡§Æ‡•á‡§Ç ‡§π‡•Å‡§è ‡§≤‡•â‡§ï‡§°‡§æ‡§â‡§® ‡§Æ‡•á‡§Ç ‡§´‡§Ç‡§∏ ‡§ó‡§à ‡§π‡•à‡§Ç, ‡§Ø‡§π‡§æ‡§Ç ‡§ñ‡•Å‡§¶ ‡§ï‡•ã ‡§ï‡§æ‡§´‡•Ä ‡§∏‡•Å‡§∞‡§ï‡•ç‡§∑‡§ø‡§§ ‡§¨‡§§‡§æ ‡§∞‡§π‡•Ä ‡§π‡•à‡§Ç. https://t.co/o4uDMBvkrR","OmPanday5"
"neutral","RT @News18UP: ‡§á‡§ü‡§≤‡•Ä ‡§∏‡•á ‡§Ü‡§à‡§Ç ‡§Ü‡§á‡§∞‡§ø‡§® ‡§∞‡•ã‡§§‡•ã‡§Ç‡§¶‡•ã ‡§≠‡§æ‡§∞‡§§ ‡§Æ‡•á‡§Ç ‡§π‡•Å‡§è ‡§≤‡•â‡§ï‡§°‡§æ‡§â‡§® ‡§Æ‡•á‡§Ç ‡§´‡§Ç‡§∏ ‡§ó‡§à ‡§π‡•à‡§Ç, ‡§Ø‡§π‡§æ‡§Ç ‡§ñ‡•Å‡§¶ ‡§ï‡•ã ‡§ï‡§æ‡§´‡•Ä ‡§∏‡•Å‡§∞‡§ï‡•ç‡§∑‡§ø‡§§ ‡§¨‡§§‡§æ ‡§∞‡§π‡•Ä ‡§π‡•à‡§Ç. https://t.co/o4uDMBvkrR","sanjeev95058422"
"neutral","RT @News18UP: ‡§á‡§ü‡§≤‡•Ä ‡§∏‡•á ‡§Ü‡§à‡§Ç ‡§Ü‡§á‡§∞‡§ø‡§® ‡§∞‡•ã‡§§‡•ã‡§Ç‡§¶‡•ã ‡§≠‡§æ‡§∞‡§§ ‡§Æ‡•á‡§Ç ‡§π‡•Å‡§è ‡§≤‡•â‡§ï‡§°‡§æ‡§â‡§® ‡§Æ‡•á‡§Ç ‡§´‡§Ç‡§∏ ‡§ó‡§à ‡§π‡•à‡§Ç, ‡§Ø‡§π‡§æ‡§Ç ‡§ñ‡•Å‡§¶ ‡§ï‡•ã ‡§ï‡§æ‡§´‡•Ä ‡§∏‡•Å‡§∞‡§ï‡•ç‡§∑‡§ø‡§§ ‡§¨‡§§‡§æ ‡§∞‡§π‡•Ä ‡§π‡•à‡§Ç. https://t.co/o4uDMBvkrR","iamonkarsharma"
"negative","@vijayrupanibjp are you blind sir you can't see Corona is increasing day by day and you have given unlock 1. In cou‚Ä¶ https://t.co/8vqFDmPnt9","NadimSa38220749"
"neutral","RT @News18UP: ‡§á‡§ü‡§≤‡•Ä ‡§∏‡•á ‡§Ü‡§à‡§Ç ‡§Ü‡§á‡§∞‡§ø‡§® ‡§∞‡•ã‡§§‡•ã‡§Ç‡§¶‡•ã ‡§≠‡§æ‡§∞‡§§ ‡§Æ‡•á‡§Ç ‡§π‡•Å‡§è ‡§≤‡•â‡§ï‡§°‡§æ‡§â‡§® ‡§Æ‡•á‡§Ç ‡§´‡§Ç‡§∏ ‡§ó‡§à ‡§π‡•à‡§Ç, ‡§Ø‡§π‡§æ‡§Ç ‡§ñ‡•Å‡§¶ ‡§ï‡•ã ‡§ï‡§æ‡§´‡•Ä ‡§∏‡•Å‡§∞‡§ï‡•ç‡§∑‡§ø‡§§ ‡§¨‡§§‡§æ ‡§∞‡§π‡•Ä ‡§π‡•à‡§Ç. https://t.co/o4uDMBvkrR","Ksingh561"
"neutral","RT @News18UP: ‡§á‡§ü‡§≤‡•Ä ‡§∏‡•á ‡§Ü‡§à‡§Ç ‡§Ü‡§á‡§∞‡§ø‡§® ‡§∞‡•ã‡§§‡•ã‡§Ç‡§¶‡•ã ‡§≠‡§æ‡§∞‡§§ ‡§Æ‡•á‡§Ç ‡§π‡•Å‡§è ‡§≤‡•â‡§ï‡§°‡§æ‡§â‡§® ‡§Æ‡•á‡§Ç ‡§´‡§Ç‡§∏ ‡§ó‡§à ‡§π‡•à‡§Ç, ‡§Ø‡§π‡§æ‡§Ç ‡§ñ‡•Å‡§¶ ‡§ï‡•ã ‡§ï‡§æ‡§´‡•Ä ‡§∏‡•Å‡§∞‡§ï‡•ç‡§∑‡§ø‡§§ ‡§¨‡§§‡§æ ‡§∞‡§π‡•Ä ‡§π‡•à‡§Ç. https://t.co/o4uDMBvkrR","omprakashsaha15"
"neutral","RT @News18UP: ‡§á‡§ü‡§≤‡•Ä ‡§∏‡•á ‡§Ü‡§à‡§Ç ‡§Ü‡§á‡§∞‡§ø‡§® ‡§∞‡•ã‡§§‡•ã‡§Ç‡§¶‡•ã ‡§≠‡§æ‡§∞‡§§ ‡§Æ‡•á‡§Ç ‡§π‡•Å‡§è ‡§≤‡•â‡§ï‡§°‡§æ‡§â‡§® ‡§Æ‡•á‡§Ç ‡§´‡§Ç‡§∏ ‡§ó‡§à ‡§π‡•à‡§Ç, ‡§Ø‡§π‡§æ‡§Ç ‡§ñ‡•Å‡§¶ ‡§ï‡•ã ‡§ï‡§æ‡§´‡•Ä ‡§∏‡•Å‡§∞‡§ï‡•ç‡§∑‡§ø‡§§ ‡§¨‡§§‡§æ ‡§∞‡§π‡•Ä ‡§π‡•à‡§Ç. https://t.co/o4uDMBvkrR","Baskidoor"
"neutral","RT @News18UP: ‡§á‡§ü‡§≤‡•Ä ‡§∏‡•á ‡§Ü‡§à‡§Ç ‡§Ü‡§á‡§∞‡§ø‡§® ‡§∞‡•ã‡§§‡•ã‡§Ç‡§¶‡•ã ‡§≠‡§æ‡§∞‡§§ ‡§Æ‡•á‡§Ç ‡§π‡•Å‡§è ‡§≤‡•â‡§ï‡§°‡§æ‡§â‡§® ‡§Æ‡•á‡§Ç ‡§´‡§Ç‡§∏ ‡§ó‡§à ‡§π‡•à‡§Ç, ‡§Ø‡§π‡§æ‡§Ç ‡§ñ‡•Å‡§¶ ‡§ï‡•ã ‡§ï‡§æ‡§´‡•Ä ‡§∏‡•Å‡§∞‡§ï‡•ç‡§∑‡§ø‡§§ ‡§¨‡§§‡§æ ‡§∞‡§π‡•Ä ‡§π‡•à‡§Ç. https://t.co/o4uDMBvkrR","ShivaAmbedkarv2"
"neutral","RT @News18UP: ‡§á‡§ü‡§≤‡•Ä ‡§∏‡•á ‡§Ü‡§à‡§Ç ‡§Ü‡§á‡§∞‡§ø‡§® ‡§∞‡•ã‡§§‡•ã‡§Ç‡§¶‡•ã ‡§≠‡§æ‡§∞‡§§ ‡§Æ‡•á‡§Ç ‡§π‡•Å‡§è ‡§≤‡•â‡§ï‡§°‡§æ‡§â‡§® ‡§Æ‡•á‡§Ç ‡§´‡§Ç‡§∏ ‡§ó‡§à ‡§π‡•à‡§Ç, ‡§Ø‡§π‡§æ‡§Ç ‡§ñ‡•Å‡§¶ ‡§ï‡•ã ‡§ï‡§æ‡§´‡•Ä ‡§∏‡•Å‡§∞‡§ï‡•ç‡§∑‡§ø‡§§ ‡§¨‡§§‡§æ ‡§∞‡§π‡•Ä ‡§π‡•à‡§Ç. https://t.co/o4uDMBvkrR","ManishK65275644"
"neutral","RT @News18UP: ‡§á‡§ü‡§≤‡•Ä ‡§∏‡•á ‡§Ü‡§à‡§Ç ‡§Ü‡§á‡§∞‡§ø‡§® ‡§∞‡•ã‡§§‡•ã‡§Ç‡§¶‡•ã ‡§≠‡§æ‡§∞‡§§ ‡§Æ‡•á‡§Ç ‡§π‡•Å‡§è ‡§≤‡•â‡§ï‡§°‡§æ‡§â‡§® ‡§Æ‡•á‡§Ç ‡§´‡§Ç‡§∏ ‡§ó‡§à ‡§π‡•à‡§Ç, ‡§Ø‡§π‡§æ‡§Ç ‡§ñ‡•Å‡§¶ ‡§ï‡•ã ‡§ï‡§æ‡§´‡•Ä ‡§∏‡•Å‡§∞‡§ï‡•ç‡§∑‡§ø‡§§ ‡§¨‡§§‡§æ ‡§∞‡§π‡•Ä ‡§π‡•à‡§Ç. https://t.co/o4uDMBvkrR","ajayRajGKP"
"neutral","RT @News18UP: ‡§á‡§ü‡§≤‡•Ä ‡§∏‡•á ‡§Ü‡§à‡§Ç ‡§Ü‡§á‡§∞‡§ø‡§® ‡§∞‡•ã‡§§‡•ã‡§Ç‡§¶‡•ã ‡§≠‡§æ‡§∞‡§§ ‡§Æ‡•á‡§Ç ‡§π‡•Å‡§è ‡§≤‡•â‡§ï‡§°‡§æ‡§â‡§® ‡§Æ‡•á‡§Ç ‡§´‡§Ç‡§∏ ‡§ó‡§à ‡§π‡•à‡§Ç, ‡§Ø‡§π‡§æ‡§Ç ‡§ñ‡•Å‡§¶ ‡§ï‡•ã ‡§ï‡§æ‡§´‡•Ä ‡§∏‡•Å‡§∞‡§ï‡•ç‡§∑‡§ø‡§§ ‡§¨‡§§‡§æ ‡§∞‡§π‡•Ä ‡§π‡•à‡§Ç. https://t.co/o4uDMBvkrR","anilKum99516813"
"neutral","RT @News18UP: ‡§á‡§ü‡§≤‡•Ä ‡§∏‡•á ‡§Ü‡§à‡§Ç ‡§Ü‡§á‡§∞‡§ø‡§® ‡§∞‡•ã‡§§‡•ã‡§Ç‡§¶‡•ã ‡§≠‡§æ‡§∞‡§§ ‡§Æ‡•á‡§Ç ‡§π‡•Å‡§è ‡§≤‡•â‡§ï‡§°‡§æ‡§â‡§® ‡§Æ‡•á‡§Ç ‡§´‡§Ç‡§∏ ‡§ó‡§à ‡§π‡•à‡§Ç, ‡§Ø‡§π‡§æ‡§Ç ‡§ñ‡•Å‡§¶ ‡§ï‡•ã ‡§ï‡§æ‡§´‡•Ä ‡§∏‡•Å‡§∞‡§ï‡•ç‡§∑‡§ø‡§§ ‡§¨‡§§‡§æ ‡§∞‡§π‡•Ä ‡§π‡•à‡§Ç. https://t.co/o4uDMBvkrR","nationalist1001"
"neutral","RT @News18UP: ‡§á‡§ü‡§≤‡•Ä ‡§∏‡•á ‡§Ü‡§à‡§Ç ‡§Ü‡§á‡§∞‡§ø‡§® ‡§∞‡•ã‡§§‡•ã‡§Ç‡§¶‡•ã ‡§≠‡§æ‡§∞‡§§ ‡§Æ‡•á‡§Ç ‡§π‡•Å‡§è ‡§≤‡•â‡§ï‡§°‡§æ‡§â‡§® ‡§Æ‡•á‡§Ç ‡§´‡§Ç‡§∏ ‡§ó‡§à ‡§π‡•à‡§Ç, ‡§Ø‡§π‡§æ‡§Ç ‡§ñ‡•Å‡§¶ ‡§ï‡•ã ‡§ï‡§æ‡§´‡•Ä ‡§∏‡•Å‡§∞‡§ï‡•ç‡§∑‡§ø‡§§ ‡§¨‡§§‡§æ ‡§∞‡§π‡•Ä ‡§π‡•à‡§Ç. https://t.co/o4uDMBvkrR","SatyaPr71344541"
"neutral","RT @News18UP: ‡§á‡§ü‡§≤‡•Ä ‡§∏‡•á ‡§Ü‡§à‡§Ç ‡§Ü‡§á‡§∞‡§ø‡§® ‡§∞‡•ã‡§§‡•ã‡§Ç‡§¶‡•ã ‡§≠‡§æ‡§∞‡§§ ‡§Æ‡•á‡§Ç ‡§π‡•Å‡§è ‡§≤‡•â‡§ï‡§°‡§æ‡§â‡§® ‡§Æ‡•á‡§Ç ‡§´‡§Ç‡§∏ ‡§ó‡§à ‡§π‡•à‡§Ç, ‡§Ø‡§π‡§æ‡§Ç ‡§ñ‡•Å‡§¶ ‡§ï‡•ã ‡§ï‡§æ‡§´‡•Ä ‡§∏‡•Å‡§∞‡§ï‡•ç‡§∑‡§ø‡§§ ‡§¨‡§§‡§æ ‡§∞‡§π‡•Ä ‡§π‡•à‡§Ç. https://t.co/o4uDMBvkrR","satyendrasaga13"
"neutral","RT @News18UP: ‡§á‡§ü‡§≤‡•Ä ‡§∏‡•á ‡§Ü‡§à‡§Ç ‡§Ü‡§á‡§∞‡§ø‡§® ‡§∞‡•ã‡§§‡•ã‡§Ç‡§¶‡•ã ‡§≠‡§æ‡§∞‡§§ ‡§Æ‡•á‡§Ç ‡§π‡•Å‡§è ‡§≤‡•â‡§ï‡§°‡§æ‡§â‡§® ‡§Æ‡•á‡§Ç ‡§´‡§Ç‡§∏ ‡§ó‡§à ‡§π‡•à‡§Ç, ‡§Ø‡§π‡§æ‡§Ç ‡§ñ‡•Å‡§¶ ‡§ï‡•ã ‡§ï‡§æ‡§´‡•Ä ‡§∏‡•Å‡§∞‡§ï‡•ç‡§∑‡§ø‡§§ ‡§¨‡§§‡§æ ‡§∞‡§π‡•Ä ‡§π‡•à‡§Ç. https://t.co/o4uDMBvkrR","Manishs18388284"
"neutral","RT @News18UP: ‡§á‡§ü‡§≤‡•Ä ‡§∏‡•á ‡§Ü‡§à‡§Ç ‡§Ü‡§á‡§∞‡§ø‡§® ‡§∞‡•ã‡§§‡•ã‡§Ç‡§¶‡•ã ‡§≠‡§æ‡§∞‡§§ ‡§Æ‡•á‡§Ç ‡§π‡•Å‡§è ‡§≤‡•â‡§ï‡§°‡§æ‡§â‡§® ‡§Æ‡•á‡§Ç ‡§´‡§Ç‡§∏ ‡§ó‡§à ‡§π‡•à‡§Ç, ‡§Ø‡§π‡§æ‡§Ç ‡§ñ‡•Å‡§¶ ‡§ï‡•ã ‡§ï‡§æ‡§´‡•Ä ‡§∏‡•Å‡§∞‡§ï‡•ç‡§∑‡§ø‡§§ ‡§¨‡§§‡§æ ‡§∞‡§π‡•Ä ‡§π‡•à‡§Ç. https://t.co/o4uDMBvkrR","Jitendr41976601"
"positive","RT @firstpost: #India reports 15,413 new cases and 306 deaths in 24 hours. This is the highest single-day rise in infections so far. The co‚Ä¶","Sharathsha19"
"neutral","RT @News18UP: ‡§á‡§ü‡§≤‡•Ä ‡§∏‡•á ‡§Ü‡§à‡§Ç ‡§Ü‡§á‡§∞‡§ø‡§® ‡§∞‡•ã‡§§‡•ã‡§Ç‡§¶‡•ã ‡§≠‡§æ‡§∞‡§§ ‡§Æ‡•á‡§Ç ‡§π‡•Å‡§è ‡§≤‡•â‡§ï‡§°‡§æ‡§â‡§® ‡§Æ‡•á‡§Ç ‡§´‡§Ç‡§∏ ‡§ó‡§à ‡§π‡•à‡§Ç, ‡§Ø‡§π‡§æ‡§Ç ‡§ñ‡•Å‡§¶ ‡§ï‡•ã ‡§ï‡§æ‡§´‡•Ä ‡§∏‡•Å‡§∞‡§ï‡•ç‡§∑‡§ø‡§§ ‡§¨‡§§‡§æ ‡§∞‡§π‡•Ä ‡§π‡•à‡§Ç. https://t.co/o4uDMBvkrR","Prashan12144278"
"neutral","RT @News18UP: ‡§á‡§ü‡§≤‡•Ä ‡§∏‡•á ‡§Ü‡§à‡§Ç ‡§Ü‡§á‡§∞‡§ø‡§® ‡§∞‡•ã‡§§‡•ã‡§Ç‡§¶‡•ã ‡§≠‡§æ‡§∞‡§§ ‡§Æ‡•á‡§Ç ‡§π‡•Å‡§è ‡§≤‡•â‡§ï‡§°‡§æ‡§â‡§® ‡§Æ‡•á‡§Ç ‡§´‡§Ç‡§∏ ‡§ó‡§à ‡§π‡•à‡§Ç, ‡§Ø‡§π‡§æ‡§Ç ‡§ñ‡•Å‡§¶ ‡§ï‡•ã ‡§ï‡§æ‡§´‡•Ä ‡§∏‡•Å‡§∞‡§ï‡•ç‡§∑‡§ø‡§§ ‡§¨‡§§‡§æ ‡§∞‡§π‡•Ä ‡§π‡•à‡§Ç. https://t.co/o4uDMBvkrR","Indian499"
"neutral","RT @News18UP: ‡§á‡§ü‡§≤‡•Ä ‡§∏‡•á ‡§Ü‡§à‡§Ç ‡§Ü‡§á‡§∞‡§ø‡§® ‡§∞‡•ã‡§§‡•ã‡§Ç‡§¶‡•ã ‡§≠‡§æ‡§∞‡§§ ‡§Æ‡•á‡§Ç ‡§π‡•Å‡§è ‡§≤‡•â‡§ï‡§°‡§æ‡§â‡§® ‡§Æ‡•á‡§Ç ‡§´‡§Ç‡§∏ ‡§ó‡§à ‡§π‡•à‡§Ç, ‡§Ø‡§π‡§æ‡§Ç ‡§ñ‡•Å‡§¶ ‡§ï‡•ã ‡§ï‡§æ‡§´‡•Ä ‡§∏‡•Å‡§∞‡§ï‡•ç‡§∑‡§ø‡§§ ‡§¨‡§§‡§æ ‡§∞‡§π‡•Ä ‡§π‡•à‡§Ç. https://t.co/o4uDMBvkrR","RakeshJ56815399"
"neutral","RT @News18UP: ‡§á‡§ü‡§≤‡•Ä ‡§∏‡•á ‡§Ü‡§à‡§Ç ‡§Ü‡§á‡§∞‡§ø‡§® ‡§∞‡•ã‡§§‡•ã‡§Ç‡§¶‡•ã ‡§≠‡§æ‡§∞‡§§ ‡§Æ‡•á‡§Ç ‡§π‡•Å‡§è ‡§≤‡•â‡§ï‡§°‡§æ‡§â‡§® ‡§Æ‡•á‡§Ç ‡§´‡§Ç‡§∏ ‡§ó‡§à ‡§π‡•à‡§Ç, ‡§Ø‡§π‡§æ‡§Ç ‡§ñ‡•Å‡§¶ ‡§ï‡•ã ‡§ï‡§æ‡§´‡•Ä ‡§∏‡•Å‡§∞‡§ï‡•ç‡§∑‡§ø‡§§ ‡§¨‡§§‡§æ ‡§∞‡§π‡•Ä ‡§π‡•à‡§Ç. https://t.co/o4uDMBvkrR","samarsanatan"
"neutral","RT @News18UP: ‡§á‡§ü‡§≤‡•Ä ‡§∏‡•á ‡§Ü‡§à‡§Ç ‡§Ü‡§á‡§∞‡§ø‡§® ‡§∞‡•ã‡§§‡•ã‡§Ç‡§¶‡•ã ‡§≠‡§æ‡§∞‡§§ ‡§Æ‡•á‡§Ç ‡§π‡•Å‡§è ‡§≤‡•â‡§ï‡§°‡§æ‡§â‡§® ‡§Æ‡•á‡§Ç ‡§´‡§Ç‡§∏ ‡§ó‡§à ‡§π‡•à‡§Ç, ‡§Ø‡§π‡§æ‡§Ç ‡§ñ‡•Å‡§¶ ‡§ï‡•ã ‡§ï‡§æ‡§´‡•Ä ‡§∏‡•Å‡§∞‡§ï‡•ç‡§∑‡§ø‡§§ ‡§¨‡§§‡§æ ‡§∞‡§π‡•Ä ‡§π‡•à‡§Ç. https://t.co/o4uDMBvkrR","Dewbispeaks"
"neutral","RT @News18UP: ‡§á‡§ü‡§≤‡•Ä ‡§∏‡•á ‡§Ü‡§à‡§Ç ‡§Ü‡§á‡§∞‡§ø‡§® ‡§∞‡•ã‡§§‡•ã‡§Ç‡§¶‡•ã ‡§≠‡§æ‡§∞‡§§ ‡§Æ‡•á‡§Ç ‡§π‡•Å‡§è ‡§≤‡•â‡§ï‡§°‡§æ‡§â‡§® ‡§Æ‡•á‡§Ç ‡§´‡§Ç‡§∏ ‡§ó‡§à ‡§π‡•à‡§Ç, ‡§Ø‡§π‡§æ‡§Ç ‡§ñ‡•Å‡§¶ ‡§ï‡•ã ‡§ï‡§æ‡§´‡•Ä ‡§∏‡•Å‡§∞‡§ï‡•ç‡§∑‡§ø‡§§ ‡§¨‡§§‡§æ ‡§∞‡§π‡•Ä ‡§π‡•à‡§Ç. https://t.co/o4uDMBvkrR","Rashmi39366761"
"neutral","RT @News18UP: ‡§á‡§ü‡§≤‡•Ä ‡§∏‡•á ‡§Ü‡§à‡§Ç ‡§Ü‡§á‡§∞‡§ø‡§® ‡§∞‡•ã‡§§‡•ã‡§Ç‡§¶‡•ã ‡§≠‡§æ‡§∞‡§§ ‡§Æ‡•á‡§Ç ‡§π‡•Å‡§è ‡§≤‡•â‡§ï‡§°‡§æ‡§â‡§® ‡§Æ‡•á‡§Ç ‡§´‡§Ç‡§∏ ‡§ó‡§à ‡§π‡•à‡§Ç, ‡§Ø‡§π‡§æ‡§Ç ‡§ñ‡•Å‡§¶ ‡§ï‡•ã ‡§ï‡§æ‡§´‡•Ä ‡§∏‡•Å‡§∞‡§ï‡•ç‡§∑‡§ø‡§§ ‡§¨‡§§‡§æ ‡§∞‡§π‡•Ä ‡§π‡•à‡§Ç. https://t.co/o4uDMBvkrR","Aksindel"
"neutral","RT @News18UP: ‡§á‡§ü‡§≤‡•Ä ‡§∏‡•á ‡§Ü‡§à‡§Ç ‡§Ü‡§á‡§∞‡§ø‡§® ‡§∞‡•ã‡§§‡•ã‡§Ç‡§¶‡•ã ‡§≠‡§æ‡§∞‡§§ ‡§Æ‡•á‡§Ç ‡§π‡•Å‡§è ‡§≤‡•â‡§ï‡§°‡§æ‡§â‡§® ‡§Æ‡•á‡§Ç ‡§´‡§Ç‡§∏ ‡§ó‡§à ‡§π‡•à‡§Ç, ‡§Ø‡§π‡§æ‡§Ç ‡§ñ‡•Å‡§¶ ‡§ï‡•ã ‡§ï‡§æ‡§´‡•Ä ‡§∏‡•Å‡§∞‡§ï‡•ç‡§∑‡§ø‡§§ ‡§¨‡§§‡§æ ‡§∞‡§π‡•Ä ‡§π‡•à‡§Ç. https://t.co/o4uDMBvkrR","ashsh_shukla"
"positive","RT @firstpost: #India reports 15,413 new cases and 306 deaths in 24 hours. This is the highest single-day rise in infections so far. The co‚Ä¶","aswini_18"
"neutral","RT @News18UP: ‡§á‡§ü‡§≤‡•Ä ‡§∏‡•á ‡§Ü‡§à‡§Ç ‡§Ü‡§á‡§∞‡§ø‡§® ‡§∞‡•ã‡§§‡•ã‡§Ç‡§¶‡•ã ‡§≠‡§æ‡§∞‡§§ ‡§Æ‡•á‡§Ç ‡§π‡•Å‡§è ‡§≤‡•â‡§ï‡§°‡§æ‡§â‡§® ‡§Æ‡•á‡§Ç ‡§´‡§Ç‡§∏ ‡§ó‡§à ‡§π‡•à‡§Ç, ‡§Ø‡§π‡§æ‡§Ç ‡§ñ‡•Å‡§¶ ‡§ï‡•ã ‡§ï‡§æ‡§´‡•Ä ‡§∏‡•Å‡§∞‡§ï‡•ç‡§∑‡§ø‡§§ ‡§¨‡§§‡§æ ‡§∞‡§π‡•Ä ‡§π‡•à‡§Ç. https://t.co/o4uDMBvkrR","12345_mishra"
"neutral","‡§á‡§ü‡§≤‡•Ä ‡§∏‡•á ‡§Ü‡§à‡§Ç ‡§Ü‡§á‡§∞‡§ø‡§® ‡§∞‡•ã‡§§‡•ã‡§Ç‡§¶‡•ã ‡§≠‡§æ‡§∞‡§§ ‡§Æ‡•á‡§Ç ‡§π‡•Å‡§è ‡§≤‡•â‡§ï‡§°‡§æ‡§â‡§® ‡§Æ‡•á‡§Ç ‡§´‡§Ç‡§∏ ‡§ó‡§à ‡§π‡•à‡§Ç, ‡§Ø‡§π‡§æ‡§Ç ‡§ñ‡•Å‡§¶ ‡§ï‡•ã ‡§ï‡§æ‡§´‡•Ä ‡§∏‡•Å‡§∞‡§ï‡•ç‡§∑‡§ø‡§§ ‡§¨‡§§‡§æ ‡§∞‡§π‡•Ä ‡§π‡•à‡§Ç. https://t.co/o4uDMBvkrR","News18UP"
"positive","RT @firstpost: #India reports 15,413 new cases and 306 deaths in 24 hours. This is the highest single-day rise in infections so far. The co‚Ä¶","Dhruv_Twitz"
"positive","#India reports 15,413 new cases and 306 deaths in 24 hours. This is the highest single-day rise in infections so fa‚Ä¶ https://t.co/HoHEt3dpcM","firstpost"
"positive","RT @C9Khalid: We need to strengthen and invest more resources in public health system in India. \n‡§∏‡§Ç‡§ï‡§ü: 26,000 ‡§ï‡•Ä ‡§Ü‡§¨‡§æ‡§¶‡•Ä ‡§™‡§∞ ‡§è‡§ï ‡§°‡•â‡§ï‡•ç‡§ü‡§∞ ‡§î‡§∞ 3,10‚Ä¶","najmi_nazish"
"neutral","Lockdown diaries: ‡§≤‡•â‡§ï‡§°‡§æ‡§â‡§® ‡§Æ‡•á‡§Ç ‡§´‡§Ç‡§∏‡•Ä ‡§á‡§ü‡§≤‡•Ä ‡§ï‡•Ä ‡§Ø‡•ã‡§ó ‡§ü‡•Ä‡§ö‡§∞ ‡§®‡•á ‡§≠‡§æ‡§∞‡§§ ‡§ï‡•á ‡§¨‡§æ‡§∞‡•á ‡§Æ‡•á‡§Ç ‡§ï‡§π‡•Ä ‡§¨‡§°‡§º‡•Ä ‡§¨‡§æ‡§§ https://t.co/JgCFKize1m","agarwalth"
"neutral","@RangarajPandeyR sir, during initial days of lockdown you interviewed Dr. Thakachalam and he was saying that Corona‚Ä¶ https://t.co/A66nAVxW1o","super_achu"
"positive","@AnshumanSail @santhoshpaliath If we had closed all international flights when the first case was reported in‚Ä¶ https://t.co/2ExXFIimRx","loborichiam"
"positive","@BJP4India @JPNadda #bjp goons were busy with Namaste Trump and MP govt toppling when corona was picking up in Indi‚Ä¶ https://t.co/jGfm8hpb2y","hatebigotry"
"positive","RT @firstpost: 1,197 new coronavirus cases and 136 deaths were recorded in Mumbai today, taking total number of cases to 65,265 and toll to‚Ä¶","sri_cdm"
"positive","RT @firstpost: 1,197 new coronavirus cases and 136 deaths were recorded in Mumbai today, taking total number of cases to 65,265 and toll to‚Ä¶","MosheHacohn"
"positive","RT @firstpost: 1,197 new coronavirus cases and 136 deaths were recorded in Mumbai today, taking total number of cases to 65,265 and toll to‚Ä¶","KaranDe76737049"
"positive","1,197 new coronavirus cases and 136 deaths were recorded in Mumbai today, taking total number of cases to 65,265 an‚Ä¶ https://t.co/fzOb0D6uMe","firstpost"
"positive","My best suggestion to central and state governments please implement complete #lockdown for 3 to 4 weeks because me‚Ä¶ https://t.co/PAsKKFKZqr","PoreddyRajesh"
"positive","RT @stickwithchick: Judges have spoken! Can't do anything about it. Chapter closed. Let's get back to work. Dollar touching Rs170. Corona-1‚Ä¶","neelamzahid10"
"negative","RT @MelvinLouis: #corona cases in India touch 4lakh.\nA messed up #lockdown which ruined the #economy and killed #migrants \nPetrol prices ab‚Ä¶","gprasd"
"negative","RT @MelvinLouis: #corona cases in India touch 4lakh.\nA messed up #lockdown which ruined the #economy and killed #migrants \nPetrol prices ab‚Ä¶","NakeRsssss"
"negative","#corona cases in India touch 4lakh.\nA messed up #lockdown which ruined the #economy and killed #migrants \nPetrol pr‚Ä¶ https://t.co/TVKJ6reAJH","MelvinLouis"
"neutral","@DrRPNishank @ugc_india @AICTE_INDIA @cbseindia29 @DG_NTA @narendramodi @AmitShah @PMOIndia @HMOIndia @HRDMinistry‚Ä¶ https://t.co/HRA0FN0Hry","NeutralMind5"
"negative","Perhaps after #SambitPatra fell ill, #BJP bigwigs realised #Modi  govt botched #corona management in #India.It has‚Ä¶ https://t.co/bCkdqtReLb","SwayamShaswat"
"positive","Corona virus and lockdown has certainly changed and toppled menstruation hygiene in rural India. Give it a rad to k‚Ä¶ https://t.co/wkHFU9utXb","HempHimalayan"
"positive","RT @YashAhlawat20: We will win this war ....\nLet's be kind and appreciative of all the efforts put in by our #covidworriors \n.\n.\nBollywood‚Ä¶","corona_tweet"
"positive","The BMC has set up a special #COVID19 hospital with 1,000 beds in Richardson and Cruddas premises in #Mumbai's Bycu‚Ä¶ https://t.co/NqNUXpR5UP","firstpost"
"neutral","In the third and fourth phases of #VandeBharatMission, 750 repatriation flights will be operated by domestic privat‚Ä¶ https://t.co/ehm2Un2qFU","firstpost"
"positive","RT @firstpost: #ArvindKejriwal said when the #ICMR is allowing home-isolation for asymptomatic and mildly symptomatic #COVID19 cases across‚Ä¶","abdussalamin"
"positive","RT @C9Khalid: We need to strengthen and invest more resources in public health system in India. \n‡§∏‡§Ç‡§ï‡§ü: 26,000 ‡§ï‡•Ä ‡§Ü‡§¨‡§æ‡§¶‡•Ä ‡§™‡§∞ ‡§è‡§ï ‡§°‡•â‡§ï‡•ç‡§ü‡§∞ ‡§î‡§∞ 3,10‚Ä¶","Avanish35321824"
"neutral","@Aamir27510767 @VishalDadlani sab sarkar hi ne kiya to humne kya kiya. Lockdown rules ko humne toda, corona humare‚Ä¶ https://t.co/SwceiukGXj","seemantndim"
"neutral","RT @firstpost: No consensus on rates of beds at private hospitals in #Delhi and L-G's order of ending #homeisolation yet, said deputy chief‚Ä¶","jasdeepkh"
"neutral","No consensus on rates of beds at private hospitals in #Delhi and L-G's order of ending #homeisolation yet, said dep‚Ä¶ https://t.co/NbB2sbDttk","firstpost"
"positive","RT @firstpost: #ArvindKejriwal said when the #ICMR is allowing home-isolation for asymptomatic and mildly symptomatic #COVID19 cases across‚Ä¶","jasdeepkh"
"positive","RT @firstpost: #ArvindKejriwal said when the #ICMR is allowing home-isolation for asymptomatic and mildly symptomatic #COVID19 cases across‚Ä¶","Shashwat014"
"positive","#ArvindKejriwal said when the #ICMR is allowing home-isolation for asymptomatic and mildly symptomatic #COVID19 cas‚Ä¶ https://t.co/xbDkqYs2Tj","firstpost"
"positive","Please don't treat this Solar Eclipse lightly if nothing happens.\n\nRemember India got affected through Corona and L‚Ä¶ https://t.co/jX3Syyiw97","ultimateastrol1"
"neutral","@VallabhMIRROR @mybmc @CPMumbaiPolice @MumbaiPolice Ab HUM SAB lockdown and Modi and Amit Shah ki unplanned and unp‚Ä¶ https://t.co/EIdwwBkTbZ","iyer_baba"
"neutral","RT @firstpost: The #GaribKalyanRojgarAbhiyaan, a rural public works scheme, will involve intensified and focused implementation of 25 diffe‚Ä¶","RathodKh"
"positive","RT @C9Khalid: We need to strengthen and invest more resources in public health system in India. \n‡§∏‡§Ç‡§ï‡§ü: 26,000 ‡§ï‡•Ä ‡§Ü‡§¨‡§æ‡§¶‡•Ä ‡§™‡§∞ ‡§è‡§ï ‡§°‡•â‡§ï‡•ç‡§ü‡§∞ ‡§î‡§∞ 3,10‚Ä¶","MamtaSi30158050"
"neutral","The #GaribKalyanRojgarAbhiyaan, a rural public works scheme, will involve intensified and focused implementation of‚Ä¶ https://t.co/1D3cVWAeZx","firstpost"
"positive","RT @C9Khalid: We need to strengthen and invest more resources in public health system in India. \n‡§∏‡§Ç‡§ï‡§ü: 26,000 ‡§ï‡•Ä ‡§Ü‡§¨‡§æ‡§¶‡•Ä ‡§™‡§∞ ‡§è‡§ï ‡§°‡•â‡§ï‡•ç‡§ü‡§∞ ‡§î‡§∞ 3,10‚Ä¶","mrravinder23"
"neutral","https://t.co/K12B9DtHmY\nLearn photoshop in hindi\nBasic tools and how they works\nPhotoshop Series ep-2\n#learning‚Ä¶ https://t.co/5USu4yGCtW","lunatic_sunspot"
"positive","We need to strengthen and invest more resources in public health system in India. \n‡§∏‡§Ç‡§ï‡§ü: 26,000 ‡§ï‡•Ä ‡§Ü‡§¨‡§æ‡§¶‡•Ä ‡§™‡§∞ ‡§è‡§ï ‡§°‡•â‚Ä¶ https://t.co/lftnYr92Ij","C9Khalid"
"negative","I wish we had sensible govt and sensible people in India\n\nLockdown for 2 months failed \nFlattening the curve failed‚Ä¶ https://t.co/ce0owLfuEs","Salahudeen_G"
"positive","Judges have spoken! Can't do anything about it. Chapter closed. Let's get back to work. Dollar touching Rs170. Coro‚Ä¶ https://t.co/YyGGlr425z","stickwithchick"
"negative","RT @w_karve: In hindsight - one wonders what was the strategy of imposing sudden #lockdown - then prolonging lockdown for so long - then su‚Ä¶","bhurtya"
"neutral","In hindsight - one wonders what was the strategy of imposing sudden #lockdown - then prolonging lockdown for so lon‚Ä¶ https://t.co/AwPbn9Bxza","w_karve"
"neutral","RT @Reddy33343987: @HRDMinistry @drharshvardhan @MoHFW_INDIA @COVIDNewsByMIB @DrRPNishank @PIB_India @PIBHindi @MIB_India @mygovindia As ma‚Ä¶","Abhishe07783736"
"neutral","@malavika_va Muftkhor ! üòÇ I'll send someday when lockdown is lifted and corona will be zero in India I'll courier D‚Ä¶ https://t.co/e0da5kT1No","gleefulmess"
"neutral","@mybmc @PMOIndia @HMOIndia @MoHFW_INDIA @CMOMaharashtra @AnilDeshmukhNCP @rajeshtope11 @mayor_mumbai‚Ä¶ https://t.co/rRaqAOdT6I","surajroy01"
"positive","RT @DocterAshish: ‚ÄúMillion dollar smile‚Äù in times of Corona and lockdown.\nThis smile makes my belief stronger in the indomitable human spir‚Ä¶","jeevi143bana"
"neutral","RT @zeerajasthan_: ‡§Ü‡§Æ ‡§Ü‡§¶‡§Æ‡•Ä ‡§ï‡•ã #Petrol_Diesel ‡§ï‡•Ä ‡§Æ‡§π‡§Ç‡§ó‡§æ‡§à ‡§Ü‡§∞‡•ç‡§•‡§ø‡§ï ‡§§‡•å‡§∞ ‡§™‡§∞ ‡§¨‡•Ä‡§Æ‡§æ‡§∞ ‡§ï‡§∞ ‡§∞‡§π‡•Ä ‡§π‡•à‡•§\n#RajasthanNews #Jaipur #Lockdown #Corona\n\nhttps://t.c‚Ä¶","Sushila56530601"
"neutral","@PrannoyRoyNDTV 'TESTING' is the sole reason for this . all the varaiables in the corona are linked to it .Lockdown‚Ä¶ https://t.co/YlrAvwa9L8","superpdr"
"neutral","RT @zeerajasthan_: ‡§Ü‡§Æ ‡§Ü‡§¶‡§Æ‡•Ä ‡§ï‡•ã #Petrol_Diesel ‡§ï‡•Ä ‡§Æ‡§π‡§Ç‡§ó‡§æ‡§à ‡§Ü‡§∞‡•ç‡§•‡§ø‡§ï ‡§§‡•å‡§∞ ‡§™‡§∞ ‡§¨‡•Ä‡§Æ‡§æ‡§∞ ‡§ï‡§∞ ‡§∞‡§π‡•Ä ‡§π‡•à‡•§\n#RajasthanNews #Jaipur #Lockdown #Corona\n\nhttps://t.c‚Ä¶","NareshM72380520"